codice_comune_istat,idPubblicazione,dataUltimaModifica,specs_version,compliance_status,reason_42004,website_cms,website_cms_other,people_disabled,people_desk_disabled,comune,den_prov,sigla,den_reg,cod_reg
081001,4a6b4150-d09d-11ee-8a49-1f06de86f03c,2024-02-21T09:40:31.890Z,wcag-21,compliant,false,other,Municipium,12,0,Alcamo,Trapani,TP,Sicilia,19
081002,31e19d40-7652-11ef-81fc-43b3d79bfbc8,2024-09-19T06:41:19.266Z,wcag-21,partially-compliant,true,other,municipium,0,0,Buseto Palizzolo,Trapani,TP,Sicilia,19
081003,706e73e6-0bdf-46b9-8a6e-71ebfdd9b01c,2023-09-19T11:05:42.798Z,wcag-20,compliant,,other,Halley,0,0,Calatafimi-Segesta,Trapani,TP,Sicilia,19
081004,2ed63e40-8164-11ef-ab70-97e8f1667e8e,2024-10-03T08:44:03.766Z,wcag-21,compliant,false,wordpress,null,5,5,Campobello di Mazara,Trapani,TP,Sicilia,19
081005,d2272890-75a5-11ef-8535-912bbe754dda,2024-09-18T10:07:25.912Z,wcag-21,partially-compliant,true,wordpress,null,3,0,Castellammare del Golfo,Trapani,TP,Sicilia,19
081006,302dda80-71b7-11ef-8560-cb77dbff29d9,2024-09-13T10:01:42.918Z,wcag-20,partially-compliant,reason-42004,wordpress,,2,0,Castelvetrano,Trapani,TP,Sicilia,19
081007,e50b0143-ca6d-42c7-9c15-5125d3b65802,2023-06-29T10:29:06.798Z,wcag-21,compliant,,other,municipium,2,2,Custonaci,Trapani,TP,Sicilia,19
081008,cdcfa370-a346-11ef-849f-375e501f2786,2024-11-15T11:43:10.663Z,wcag-21,partially-compliant,true,other,MUNICIPIUM,3,3,Erice,Trapani,TP,Sicilia,19
081009,eccb8b3d-4b80-4a9d-be09-922bd3926036,2023-07-06T09:12:13.052Z,wcag-21,compliant,,other,MUNICIPIUM,3,0,Favignana,Trapani,TP,Sicilia,19
081010,b278c742-14d5-44e1-ab16-c2e4ff57ef33,2023-09-22T15:29:52.614Z,wcag-21,compliant,,wordpress,,1,1,Gibellina,Trapani,TP,Sicilia,19
081011,85ca5da0-7019-11ef-bd1a-d31c65ec98f4,2024-09-11T08:36:15.829Z,wcag-21,partially-compliant,false,other,Municipium,5,5,Marsala,Trapani,TP,Sicilia,19
081012,bccb0c70-5a28-11ef-8760-292e9dae982e,2024-08-14T10:33:40.474Z,wcag-21,compliant,false,other,Municipium,12,2,Mazara del Vallo,Trapani,TP,Sicilia,19
081013,a7f5306e-2369-4fea-8d05-1a1fda924825,2023-09-11T09:06:08.520Z,wcag-21,partially-compliant,reason-42004,none,,6,0,Paceco,Trapani,TP,Sicilia,19
081014,5dbd1090-7669-11ef-8149-13f39a6a9f78,2024-09-19T09:22:53.033Z,wcag-20,partially-compliant,true,wordpress,null,2,1,Pantelleria,Trapani,TP,Sicilia,19
081015,84f25500-7b0d-11ef-a657-9d10fbc4b31d,2024-09-25T07:09:20.795Z,wcag-21,compliant,false,wordpress,null,1,0,Partanna,Trapani,TP,Sicilia,19
081016,3764c9c0-7988-11ef-8144-2bf839156c3e,2024-09-23T08:45:38.450Z,wcag-21,compliant,false,other,EG-eGovernment Halley realizzato da Halley Informatica,0,0,Poggioreale,Trapani,TP,Sicilia,19
081017,b51dfb4e-70ca-456d-9c06-660da39a7f73,2023-09-26T13:20:58.145Z,wcag-21,partially-compliant,reason-42004,other,PROPRIETARIA HALLEY INFORMATICA,0,0,Salaparuta,Trapani,TP,Sicilia,19
081018,e5175a30-a0e2-11ee-960c-1fd06e9b3f15,2023-12-22T15:49:27.856Z,wcag-21,compliant,false,other,Municipium,0,0,Salemi,Trapani,TP,Sicilia,19
081019,a0c61e50-79d8-11ef-b8c7-2dcdd7a77cfa,2024-09-23T18:17:34.318Z,wcag-20,compliant,false,other,Halley,1,1,Santa Ninfa,Trapani,TP,Sicilia,19
081020,8655ba27-273d-4f24-9c55-333a9fa200cf,2023-10-25T21:30:51.839Z,wcag-21,compliant,,other,MUNICIPIUM,2,2,San Vito Lo Capo,Trapani,TP,Sicilia,19
081021,e21521b0-79b2-11ef-a505-b58e6ce45f7f,2024-09-23T13:46:27.221Z,wcag-20,partially-compliant,true,wordpress,null,2,2,Trapani,Trapani,TP,Sicilia,19
081022,991b8a00-92a6-11ef-a1ab-f742622fbce1,2024-10-25T07:51:05.956Z,wcag-21,partially-compliant,true,other,Municipium,4,0,Valderice,Trapani,TP,Sicilia,19
081023,764e3450-7b0e-11ef-8f08-c55168851bce,2024-09-25T07:34:14.652Z,wcag-21,partially-compliant,true,other,MUNICIPIUM,0,0,Vita,Trapani,TP,Sicilia,19
082001,0670bd40-0bc5-11f0-b37c-9f9e94e14b19,2025-03-28T11:08:36.207Z,wcag-21,compliant,false,other,ezpublish,2,2,Alia,Palermo,PA,Sicilia,19
082003,d870769c-9764-4e13-9e75-7fc4e2463713,2020-09-23T10:02:13.172Z,wcag-21,compliant,,other,comweb,4,0,Aliminusa,Palermo,PA,Sicilia,19
082006,06eeffe0-7465-11ef-a46b-53f0d9f0410b,2024-09-16T19:51:04.143Z,wcag-21,partially-compliant,true,wordpress,null,0,0,Bagheria,Palermo,PA,Sicilia,19
082007,298a5fa0-a8c6-11ef-b7a6-0f886e084d8b,2024-11-22T11:34:38.073Z,wcag-21,partially-compliant,true,wordpress,null,0,0,Balestrate,Palermo,PA,Sicilia,19
082008,d3ae69d0-0579-11f0-a830-79aeaa4067a4,2025-03-20T10:55:08.157Z,wcag-21,partially-compliant,true,other,Proprietario HALLEY INFORMATICA,0,0,Baucina,Palermo,PA,Sicilia,19
082011,906785d0-71a9-11ef-bd06-2176ebbf9f58,2024-09-13T08:22:22.417Z,wcag-21,compliant,false,wordpress,null,0,0,Bolognetta,Palermo,PA,Sicilia,19
082012,c75774e0-798a-11ef-aba7-4d2d4cbcb984,2024-09-23T09:03:31.478Z,wcag-21,compliant,false,other,Municipium,0,0,Bompietro,Palermo,PA,Sicilia,19
082014,d170e6c0-c673-11ee-92e7-c757ce73cfd2,2024-02-08T11:16:14.935Z,wcag-21,partially-compliant,false,wordpress,null,0,0,Caccamo,Palermo,PA,Sicilia,19
082016,394a8b9a-a34b-4a43-b759-adc4812a2128,2022-04-01T07:37:08.697Z,null,null,null,null,null,null,null,Campofelice di Fitalia,Palermo,PA,Sicilia,19
082018,6ffc9480-c3ed-40a4-84b2-6b18455cc9a5,2023-09-15T11:09:44.198Z,wcag-20,partially-compliant,,joomla,,0,0,Campofiorito,Palermo,PA,Sicilia,19
082019,4ad1bee0-0a1b-11f0-8a2d-0b7ecc480746,2025-03-26T08:18:42.547Z,null,null,null,null,null,null,null,Camporeale,Palermo,PA,Sicilia,19
082021,b8feed8b-9c89-4642-aad7-ac430cacbc96,2023-10-18T09:45:00.413Z,wcag-21,compliant,,other,Municipium,7,7,Carini,Palermo,PA,Sicilia,19
082022,621e4d30-9157-11ef-a568-2d351f1b085e,2024-10-23T15:56:20.311Z,wcag-20,partially-compliant,reason-42004,other,Halley,2,0,Castelbuono,Palermo,PA,Sicilia,19
082023,0253e390-fff4-11ef-ad06-a73430267282,2025-03-13T10:06:25.123Z,wcag-21,partially-compliant,true,wordpress,null,1,1,Casteldaccia,Palermo,PA,Sicilia,19
082024,986f7cb0-8f9f-11ef-8d42-b1fd761f2607,2024-10-21T11:28:16.578Z,wcag-21,partially-compliant,false,wordpress,null,1,0,Castellana Sicula,Palermo,PA,Sicilia,19
082025,f11966e0-fe4f-11ef-8351-390bea0109d9,2025-03-11T07:58:38.111Z,wcag-21,partially-compliant,true,wordpress,null,9,1,Castronovo di Sicilia,Palermo,PA,Sicilia,19
082026,a4f8f8e0-fe21-11ee-8384-6d0159624dcb,2024-04-19T07:51:03.673Z,wcag-21,partially-compliant,false,wordpress,null,1,1,Cefalà Diana,Palermo,PA,Sicilia,19
082028,a292c460-ed0d-11ef-b34e-e3750d8d0386,2025-02-17T08:53:57.192Z,wcag-21,partially-compliant,true,wordpress,null,1,0,Cerda,Palermo,PA,Sicilia,19
082029,d89ec3f0-8f94-11ef-9c88-47d2eae30423,2024-10-21T10:11:16.358Z,wcag-21,partially-compliant,false,wordpress,null,1,1,Chiusa Sclafani,Palermo,PA,Sicilia,19
082030,ef54f820-95e4-11ef-9f2c-4bdf25a67b6e,2024-10-29T10:55:53.178Z,wcag-21,partially-compliant,true,other,"CMS Proprietario , realizzato dall&amp;#39;azienda stessa, nome eGov Halley",0,0,Ciminna,Palermo,PA,Sicilia,19
082031,069380f0-743a-11ef-a17d-abeb94660df3,2024-09-16T14:32:01.434Z,wcag-21,compliant,false,wordpress,null,0,0,Cinisi,Palermo,PA,Sicilia,19
082033,926f0270-ffef-11ef-ae23-13aff90f5faa,2025-03-13T09:37:25.182Z,wcag-21,partially-compliant,true,wordpress,null,0,0,Contessa Entellina,Palermo,PA,Sicilia,19
082034,96ada978-9e10-4b7b-9b1a-50b33377e161,2023-09-28T12:50:11.015Z,wcag-21,partially-compliant,reason-42004,wordpress,,0,0,Corleone,Palermo,PA,Sicilia,19
082035,ae883940-0a2b-11f0-be1f-191f9cbc2ffd,2025-03-26T10:13:30.432Z,null,null,null,null,null,null,null,Ficarazzi,Palermo,PA,Sicilia,19
082036,9a4a9f00-edb1-11ee-a160-ff8cad37382c,2024-03-29T09:46:32.576Z,null,null,null,null,null,null,null,Gangi,Palermo,PA,Sicilia,19
082037,e129fec0-a10c-11ef-ade2-134e8f95540d,2024-11-12T15:43:03.138Z,wcag-21,partially-compliant,true,other,MUNICIPIUM,1,1,Geraci Siculo,Palermo,PA,Sicilia,19
082038,83b2aa40-652e-11ef-88bd-55ad0344b79e,2024-08-28T11:07:29.622Z,wcag-21,compliant,false,other,Municipium,0,0,Giardinello,Palermo,PA,Sicilia,19
082039,35d12b40-8f9e-11ef-b915-15bfa1ba7065,2024-10-21T11:14:37.565Z,wcag-21,partially-compliant,true,other,"CMS Proprietario , realizzato dall&amp;#39;azienda stessa, nome eGov Halley",1,1,Giuliana,Palermo,PA,Sicilia,19
082040,0982bd00-ff34-11ef-bdd0-2f112b8467d5,2025-03-12T11:15:15.656Z,wcag-21,partially-compliant,true,wordpress,null,0,0,Godrano,Palermo,PA,Sicilia,19
082041,bd7ff948-63bc-48d5-951e-e6cadd566b98,2022-03-18T14:16:21.230Z,wcag-20,partially-compliant,reason-42004,other,Halley,1,0,Gratteri,Palermo,PA,Sicilia,19
082043,cae77140-48e9-11ef-aef5-395c14f01351,2024-07-23T11:50:38.787Z,wcag-21,compliant,false,wordpress,null,1,0,Isola delle Femmine,Palermo,PA,Sicilia,19
082044,16246a50-deef-11ef-a31f-6b1b7ab74240,2025-01-30T09:43:37.185Z,wcag-21,partially-compliant,true,other,"CMS Proprietario , realizzato dall'azienda stessa, nome eGov Halley",0,0,Lascari,Palermo,PA,Sicilia,19
082045,7d167b40-dd33-11ee-b622-c79e769b5aaa,2024-03-08T10:01:39.955Z,wcag-21,compliant,false,wordpress,null,0,0,Lercara Friddi,Palermo,PA,Sicilia,19
082046,996b0010-7bdd-11ef-9120-cd05ddade555,2024-09-26T08:01:51.084Z,wcag-21,partially-compliant,,wordpress,,1,1,Marineo,Palermo,PA,Sicilia,19
082047,e87447f0-3135-400f-8ecb-20a4fa96b4f2,2023-09-22T07:39:14.748Z,wcag-21,compliant,,wordpress,,0,0,Mezzojuso,Palermo,PA,Sicilia,19
082048,17a0bf8d-2a72-4632-af3c-c2656592f977,2023-09-19T07:16:16.497Z,wcag-21,compliant,,other,Proprietario,2,2,Misilmeri,Palermo,PA,Sicilia,19
082049,7c7ebf90-74c7-11ef-961a-2db6ceb6a33c,2024-09-17T07:31:46.884Z,wcag-21,compliant,false,wordpress,null,4,1,Monreale,Palermo,PA,Sicilia,19
082050,7abfd7f0-da3c-11ee-afe9-fb14b59cad64,2024-09-19T07:40:49.967Z,wcag-21,compliant,false,wordpress,null,0,0,Montelepre,Palermo,PA,Sicilia,19
082051,c6781380-7a5d-11ef-b7fe-611b2a214afc,2024-09-24T10:13:49.768Z,wcag-20,partially-compliant,true,joomla,null,0,0,Montemaggiore Belsito,Palermo,PA,Sicilia,19
082052,a57ee030-69d9-11ef-9964-6d6e80f048a6,2024-09-03T09:40:39.144Z,wcag-21,compliant,false,other,Municipium,0,0,Palazzo Adriano,Palermo,PA,Sicilia,19
082053,0288c630-1c43-11f0-8896-f14683c4c82c,2025-04-18T10:50:46.167Z,wcag-21,partially-compliant,true,wordpress,null,4,4,Palermo,Palermo,PA,Sicilia,19
082054,a6a04a90-7662-11ef-a746-0f350941ada5,2024-09-19T08:32:47.863Z,wcag-21,compliant,false,wordpress,null,5,0,Partinico,Palermo,PA,Sicilia,19
082055,5ab9e770-b5f2-11ee-a6e1-ff81c1371219,2024-01-18T11:10:14.987Z,wcag-21,compliant,false,wordpress,null,0,0,Petralia Soprana,Palermo,PA,Sicilia,19
082056,003d6730-b949-11ef-90ac-994202af2b03,2024-12-13T11:53:24.158Z,wcag-21,partially-compliant,reason-42004,wordpress,,1,1,Petralia Sottana,Palermo,PA,Sicilia,19
082057,b1f34070-71ab-11ef-92e4-8f1a1d039fea,2024-09-13T08:33:13.289Z,wcag-21,partially-compliant,false,wordpress,null,0,0,Piana degli Albanesi,Palermo,PA,Sicilia,19
082058,e70a0340-b704-11ef-ba2b-17331f14993e,2024-12-10T14:27:44.023Z,wcag-21,partially-compliant,true,wordpress,null,0,0,Polizzi Generosa,Palermo,PA,Sicilia,19
082059,711bc230-765f-11ef-8e89-f5f960e50900,2024-09-19T08:15:54.178Z,wcag-20,partially-compliant,reason-42004,other,Halley,1,0,Pollina,Palermo,PA,Sicilia,19
082060,c18ce4e0-396b-4471-9fee-72fbc66bb12a,2024-09-17T09:11:31.309Z,wcag-21,partially-compliant,,wordpress,,1,1,Prizzi,Palermo,PA,Sicilia,19
082061,f3cf4910-138d-11f0-b566-c5caeb37107f,2025-04-07T08:54:36.942Z,wcag-21,partially-compliant,true,other,"CMS Proprietario , realizzato dall&amp;#39;azienda stessa, nome eGov Halley",2,0,Roccamena,Palermo,PA,Sicilia,19
082062,0902e5f0-fff5-11ef-9f46-67f5b3fb1fe5,2025-03-13T10:17:15.781Z,wcag-21,compliant,false,other,Di tipo proprietario Halley informatica,1,1,Roccapalumba,Palermo,PA,Sicilia,19
082063,7b5e41d0-6518-11ef-9408-41c983b297e8,2024-08-28T08:27:14.699Z,wcag-21,compliant,false,wordpress,null,0,0,San Cipirello,Palermo,PA,Sicilia,19
082064,33a46d20-74f8-11ef-875a-ab8bc89a136b,2024-09-17T13:17:55.505Z,wcag-21,partially-compliant,true,other,"CMS Proprietario , realizzato dall'azienda stessa, nome eGov Halley",0,0,San Giuseppe Jato,Palermo,PA,Sicilia,19
082065,1809ebe0-0a20-11f0-87a5-d970fd347a10,2025-03-26T08:54:38.839Z,null,null,null,null,null,null,null,San Mauro Castelverde,Palermo,PA,Sicilia,19
082066,c79c5a70-7416-11ef-ba17-f1d2ac71e63a,2024-09-16T10:25:59.392Z,wcag-21,compliant,false,wordpress,null,0,0,Santa Cristina Gela,Palermo,PA,Sicilia,19
082067,aeee6560-7f13-11ef-838e-f30759258831,2024-09-30T10:05:38.082Z,wcag-20,compliant,false,other,Halley,0,0,Santa Flavia,Palermo,PA,Sicilia,19
082069,e8011ea0-7bd6-11ef-9ad9-0f017a721874,2024-09-26T07:12:37.246Z,wcag-21,partially-compliant,true,wordpress,null,0,0,Sclafani Bagni,Palermo,PA,Sicilia,19
082070,176b6750-3d1f-11ef-b250-99eb34dcd8b5,2024-07-08T11:27:17.412Z,wcag-21,compliant,false,other,Municipium,8,3,Termini Imerese,Palermo,PA,Sicilia,19
082071,3653b2a9-2506-48c2-9628-0e7a31348f9a,2023-07-12T08:38:24.094Z,wcag-21,compliant,,wordpress,,4,1,Terrasini,Palermo,PA,Sicilia,19
082072,9522ffe5-8d6c-41ea-b2f6-5541c26620f3,2022-09-26T10:34:26.772Z,wcag-21,partially-compliant,reason-42004,other,Proprietario Halley Informatica,1,1,Torretta,Palermo,PA,Sicilia,19
082073,23904160-6063-11ef-814d-6373bff3a9ce,2024-08-22T08:31:55.104Z,wcag-21,compliant,false,wordpress,null,0,0,Trabia,Palermo,PA,Sicilia,19
082075,d74a2800-d251-11ef-af8b-f71a657b1b21,2025-01-14T08:30:29.259Z,null,null,null,null,null,null,null,Ustica,Palermo,PA,Sicilia,19
082076,493f0ef0-5316-11ef-90f6-f35536656bc3,2024-08-05T10:17:39.783Z,wcag-21,compliant,false,other,"CMS PROPRIETARIO,EG-EGOVERNMENT HALLEY INFORMATICA",0,0,Valledolmo,Palermo,PA,Sicilia,19
082077,c0afb5c0-8f93-11ef-8c6f-0bee3f692f1c,2024-10-21T10:03:23.446Z,wcag-21,partially-compliant,false,wordpress,null,1,0,Ventimiglia di Sicilia,Palermo,PA,Sicilia,19
082078,ff4666a0-0e03-11f0-b7f2-4b784417b097,2025-03-31T07:43:23.801Z,null,null,null,null,null,null,null,Vicari,Palermo,PA,Sicilia,19
082079,081b7960-230d-11ef-971b-09786a3571e1,2024-06-05T07:25:46.537Z,null,null,null,null,null,null,null,Villabate,Palermo,PA,Sicilia,19
082080,03465bc0-7b1f-11ef-84ea-314fcfd93da9,2024-09-25T09:13:23.584Z,wcag-21,compliant,false,wordpress,null,1,0,Villafrati,Palermo,PA,Sicilia,19
082082,69016ad0-78e1-11ef-b48a-b1ad2f02aa25,2024-09-22T12:31:07.254Z,wcag-21,compliant,false,other,Municipium,0,0,Blufi,Palermo,PA,Sicilia,19
083001,a080c4f0-d716-11ee-b7be-a5b5f14ef0da,2024-02-29T15:19:59.865Z,wcag-21,compliant,false,other,Municipium,1,1,Alcara li Fusi,Messina,ME,Sicilia,19
083002,afe09350-2edf-11ef-b057-adf300d70cfc,2024-06-20T08:32:38.471Z,wcag-21,compliant,false,wordpress,null,0,0,Alì,Messina,ME,Sicilia,19
083003,8e56efe0-e78a-11ef-8351-419b0926e2a3,2025-02-10T08:35:41.804Z,wcag-21,compliant,false,wordpress,null,0,0,Alì Terme,Messina,ME,Sicilia,19
083004,6c3a8d80-0883-11f0-935f-d3d54aa502c9,2025-03-24T07:41:30.213Z,null,null,null,null,null,null,null,Antillo,Messina,ME,Sicilia,19
083005,5412b660-74e5-11ef-96d6-8b740c7151cc,2024-09-17T10:57:03.058Z,wcag-21,partially-compliant,true,wordpress,null,13,2,Barcellona Pozzo di Gotto,Messina,ME,Sicilia,19
083007,f6780a90-758f-11ef-a3a6-b1819a9a419d,2024-09-18T07:11:36.042Z,wcag-21,partially-compliant,true,other,"CMS Proprietario , realizzato dall'azienda stessa, nome eGov Halley",0,0,Brolo,Messina,ME,Sicilia,19
083008,c90567c0-b7ab-11ef-8145-99539b43e60b,2024-12-11T10:36:20.851Z,wcag-21,compliant,false,wordpress,,0,0,Capizzi,Messina,ME,Sicilia,19
083009,476a8db0-7a81-11ef-92ba-31f8e04205dd,2024-09-24T14:31:53.703Z,wcag-21,partially-compliant,true,other,Sitemanager 3.0,7,7,Capo d'Orlando,Messina,ME,Sicilia,19
083010,ed57a610-edb2-11ee-843a-4f0bef77da93,2024-03-29T09:52:36.323Z,wcag-21,partially-compliant,true,wordpress,null,0,0,Capri Leone,Messina,ME,Sicilia,19
083011,91a2c120-b5fd-11ee-ba3f-4d5107a2169d,2024-01-18T12:30:49.612Z,wcag-21,compliant,false,wordpress,null,0,0,Caronia,Messina,ME,Sicilia,19
083012,a6c058e0-320a-11ef-a57f-9b6f9e0bb224,2024-06-24T09:12:28.334Z,wcag-21,compliant,false,wordpress,null,0,0,Casalvecchio Siculo,Messina,ME,Sicilia,19
083013,f068a070-79a8-11ef-b88a-8f0d4b2e4544,2024-09-23T12:37:29.694Z,wcag-21,partially-compliant,true,other,Sistemanager 3.0,0,0,Castel di Lucio,Messina,ME,Sicilia,19
083014,ac19ee50-edb8-11ee-9264-f7f26f5f6d7e,2024-03-29T10:33:07.424Z,null,null,null,null,null,null,null,Castell'Umberto,Messina,ME,Sicilia,19
083015,a920d6c0-d547-11ee-ba32-45e4d540e43f,2024-02-27T07:54:33.563Z,wcag-21,compliant,false,wordpress,null,1,1,Castelmola,Messina,ME,Sicilia,19
083016,e9b3bdf0-0ed1-11f0-b7dc-9b0c3f20fec8,2025-04-01T08:16:43.956Z,null,null,null,null,null,null,null,Castroreale,Messina,ME,Sicilia,19
083017,9f61e9f0-c98d-11ee-b7e6-2312061a7876,2024-02-12T10:00:47.303Z,wcag-21,partially-compliant,false,wordpress,,0,0,Cesarò,Messina,ME,Sicilia,19
083019,c684dd00-e311-11ef-a518-f511f31bad01,2025-02-04T15:56:32.140Z,wcag-21,compliant,false,wordpress,null,3,3,Falcone,Messina,ME,Sicilia,19
083020,01032f10-c660-11ee-b7d7-cfd2c330d4cd,2024-02-08T08:50:02.152Z,wcag-21,partially-compliant,false,wordpress,null,0,0,Ficarra,Messina,ME,Sicilia,19
083021,887e1f80-797b-11ef-83b9-4b023fc21f60,2024-09-23T07:12:25.133Z,wcag-21,compliant,false,wordpress,null,0,0,Fiumedinisi,Messina,ME,Sicilia,19
083022,d695f9f0-2f10-11ef-ba75-6d5a22c419e8,2024-06-20T14:15:44.030Z,wcag-21,partially-compliant,true,other,Sitemanager 3.0,0,0,Floresta,Messina,ME,Sicilia,19
083023,a4cd8190-b5df-11ee-b04e-01329d8afc2f,2024-01-18T08:55:49.848Z,wcag-21,compliant,false,wordpress,null,0,0,Fondachelli-Fantina,Messina,ME,Sicilia,19
083024,316f7fb0-f26a-11ee-bfaa-f9f925007ae5,2024-04-04T09:59:26.597Z,wcag-21,compliant,false,other,Nuvola,0,0,Forza d'Agrò,Messina,ME,Sicilia,19
083025,94eb5540-acba-11ef-83da-856cf1d039eb,2024-11-27T12:21:17.866Z,wcag-21,partially-compliant,true,wordpress,null,2,0,Francavilla di Sicilia,Messina,ME,Sicilia,19
083026,d82849e0-0ed4-11f0-82ed-1db69c0f6349,2025-04-01T08:39:32.667Z,wcag-21,compliant,false,other,Sitemanager 3.0,0,0,Frazzanò,Messina,ME,Sicilia,19
083027,aa43f080-7599-11ef-8150-f1ebf8a6ea8e,2024-09-18T08:40:05.150Z,wcag-21,compliant,false,wordpress,null,4,4,Furci Siculo,Messina,ME,Sicilia,19
083030,18c1bee0-c4d6-11ee-b44d-2d4f5fe2a307,2024-02-06T09:52:19.114Z,wcag-21,compliant,false,other,Municipium,1,1,Galati Mamertino,Messina,ME,Sicilia,19
083031,413b6f70-8230-11ef-a177-fda1d550e2c1,2024-10-04T09:08:17.303Z,wcag-21,partially-compliant,reason-42004,other,Sitemanager 3.0,0,0,Gallodoro,Messina,ME,Sicilia,19
083032,186f8410-e860-11ee-b9b1-65ddf3a2d3c5,2024-03-22T15:20:51.797Z,null,null,null,null,null,null,null,Giardini-Naxos,Messina,ME,Sicilia,19
083033,148311b0-d18e-11ef-a321-91a7fd9f4241,2025-01-13T09:06:32.586Z,wcag-21,partially-compliant,true,other,"CMS Proprietario , realizzato dall'azienda stessa, nome eGov Halley",0,0,Gioiosa Marea,Messina,ME,Sicilia,19
083034,08868220-c69e-11ef-a7c7-2d9379184f1a,2024-12-30T11:05:37.622Z,wcag-21,compliant,false,joomla,null,0,0,Graniti,Messina,ME,Sicilia,19
083035,6d6f8370-d0a5-11ee-9db9-39dad1aba5f3,2024-02-21T10:37:36.839Z,wcag-21,compliant,false,other,MyCity,0,0,Gualtieri Sicaminò,Messina,ME,Sicilia,19
083036,075e27a0-7a53-11ef-ad22-ebc735d0ad5a,2024-09-24T08:51:33.996Z,wcag-21,compliant,false,wordpress,null,0,0,Itala,Messina,ME,Sicilia,19
083038,df247660-0e1b-11f0-a803-8556f08aea8e,2025-03-31T10:30:21.324Z,null,null,null,null,null,null,null,Letojanni,Messina,ME,Sicilia,19
083039,6f76b0e0-a1a5-11ef-aa37-13925dd62dd1,2024-11-13T09:54:46.188Z,wcag-21,compliant,false,other,Municipium,1,1,Librizzi,Messina,ME,Sicilia,19
083040,6ed064b0-7b17-11ef-b313-d90b008658ee,2024-09-25T08:20:41.477Z,wcag-21,compliant,false,wordpress,null,0,0,Limina,Messina,ME,Sicilia,19
083041,19817b20-b154-11ef-80cc-8da2e4ff416e,2024-12-03T08:49:04.405Z,wcag-21,partially-compliant,true,other,"CMS Proprietario , realizzato dall&amp;#39;azienda stessa, nome eGov Halley",3,3,Lipari,Messina,ME,Sicilia,19
083042,758e15d0-7672-11ef-b3ef-3567e0246557,2024-09-19T10:23:06.999Z,wcag-21,partially-compliant,true,other,UMBRACO,0,0,Longi,Messina,ME,Sicilia,19
083043,f82c1a40-fb1c-11ee-b480-ab990e2db787,2024-04-15T11:35:45.760Z,wcag-21,compliant,false,other,Città Digitale,1,1,Malfa,Messina,ME,Sicilia,19
083044,52228760-c20e-11ef-9c79-93aafeaba772,2024-12-24T15:36:32.374Z,wcag-21,compliant,false,wordpress,null,0,0,Malvagna,Messina,ME,Sicilia,19
083045,63cb2b80-549e-11ef-b9e0-b12ab127df59,2024-08-07T09:19:56.970Z,wcag-21,compliant,false,wordpress,null,1,0,Mandanici,Messina,ME,Sicilia,19
083046,bf309700-f384-11ef-8725-25c4fea1e249,2025-02-25T14:24:47.498Z,wcag-21,compliant,false,wordpress,null,0,0,Mazzarrà Sant'Andrea,Messina,ME,Sicilia,19
083047,baab5ac0-7f09-11ef-be97-bf4955329dde,2024-09-30T08:49:09.308Z,wcag-21,compliant,false,other,Municipium,1,1,Merì,Messina,ME,Sicilia,19
083048,62415b80-ad64-11ef-9310-4717e8d7beac,2024-11-28T08:39:53.360Z,wcag-21,partially-compliant,true,other,Municipium,57,27,Messina,Messina,ME,Sicilia,19
083049,b6a09130-eceb-11ee-9b24-33b9a10bf38d,2024-03-28T10:11:34.636Z,wcag-21,compliant,false,wordpress,null,9,1,Milazzo,Messina,ME,Sicilia,19
083050,c8870f50-b5fa-11ee-854b-1ff29f8c3226,2024-01-18T12:10:55.930Z,wcag-21,compliant,false,wordpress,null,0,0,Militello Rosmarino,Messina,ME,Sicilia,19
083051,83164680-79a3-11ef-9efc-3d61ce5f2ead,2024-09-23T12:00:42.116Z,wcag-21,partially-compliant,true,other,UMBRACO,0,0,Mirto,Messina,ME,Sicilia,19
083053,56086340-bed0-11ef-9f43-81bd57926a27,2024-12-20T12:40:28.462Z,wcag-21,partially-compliant,false,wordpress,null,0,0,Moio Alcantara,Messina,ME,Sicilia,19
083055,f265b3a0-33c5-11ef-a1a4-0fce23c4dedf,2024-06-26T14:01:17.381Z,wcag-21,partially-compliant,true,other,Sitemanager,0,0,Mongiuffi Melia,Messina,ME,Sicilia,19
083056,f8f9b420-86ed-11ef-b986-8f316d4f2827,2024-10-10T09:56:44.070Z,wcag-21,partially-compliant,,wordpress,,3,3,Montagnareale,Messina,ME,Sicilia,19
083057,7d239140-798c-11ef-82cb-d5201247cc13,2024-09-23T09:16:09.299Z,wcag-21,partially-compliant,true,other,OpenContent OpenCity,2,0,Montalbano Elicona,Messina,ME,Sicilia,19
083058,ed12a6f0-5572-11ef-924d-7f31fd67752c,2024-08-08T10:37:54.040Z,wcag-21,compliant,false,wordpress,null,0,0,Motta Camastra,Messina,ME,Sicilia,19
083060,225eaee0-7980-11ef-a2c6-6173832e88a6,2024-09-23T07:42:44.841Z,wcag-21,partially-compliant,true,other,UMBRACO,3,0,Naso,Messina,ME,Sicilia,19
083063,4f599910-1688-11ef-91a1-1b37e430060a,2024-05-20T09:00:33.564Z,wcag-21,compliant,false,other,Municipium,1,0,Oliveri,Messina,ME,Sicilia,19
083064,d575e6b0-d321-11ef-9acb-07b53aa42c22,2025-01-15T09:13:05.769Z,wcag-21,compliant,false,wordpress,null,0,0,Pace del Mela,Messina,ME,Sicilia,19
083065,c3da61c0-8bc2-11ef-a817-abdf1655237b,2024-10-16T13:16:53.946Z,wcag-21,partially-compliant,true,other,Wordpress,0,0,Pagliara,Messina,ME,Sicilia,19
083066,d257bfb0-0e1a-11f0-8034-8dbeb3539397,2025-03-31T10:18:48.769Z,null,null,null,null,null,null,null,Patti,Messina,ME,Sicilia,19
083067,b9e40930-7760-11ef-a403-170e453b39e3,2024-09-20T14:46:50.234Z,wcag-21,partially-compliant,true,wordpress,null,1,1,Pettineo,Messina,ME,Sicilia,19
083068,551c5d40-6f4a-11ef-9a11-0d6bbe28d743,2024-09-10T07:57:18.340Z,wcag-21,partially-compliant,true,other,"CMS Proprietario , realizzato dall'azienda stessa, nome eGov Halley",3,3,Piraino,Messina,ME,Sicilia,19
083069,1f6c93d0-7bf8-11ef-b4cd-395ae76d8cf8,2024-09-26T11:02:58.091Z,wcag-21,compliant,false,other,Municipium,0,0,Raccuja,Messina,ME,Sicilia,19
083070,8e781fb0-e3a9-11ef-9386-1b32b54515f4,2025-02-05T10:07:44.061Z,wcag-21,compliant,false,wordpress,null,1,1,Reitano,Messina,ME,Sicilia,19
083071,55ca3de0-0c4c-11ef-8e13-01dae87577d3,2024-05-07T08:24:59.806Z,wcag-21,compliant,false,wordpress,null,0,0,Roccafiorita,Messina,ME,Sicilia,19
083072,664d2940-0d12-11ef-b14f-758b236ba159,2024-05-08T07:59:46.705Z,wcag-21,compliant,false,wordpress,null,0,0,Roccalumera,Messina,ME,Sicilia,19
083073,f33bf160-1db6-11ef-b33c-4bab2937741a,2024-05-29T12:19:13.590Z,wcag-21,partially-compliant,true,other,IL CMS utilizzato per il sito web DomusWeb.PA è sviluppato appositamente da MEM Informatica,0,0,Roccavaldina,Messina,ME,Sicilia,19
083075,a681cb80-1462-11f0-b36e-134f2db22c6f,2025-04-08T10:09:39.972Z,null,null,null,null,null,null,null,Rodì Milici,Messina,ME,Sicilia,19
083076,b0b179c0-3a15-11ef-93ea-01094978f1ed,2024-07-04T14:57:06.492Z,wcag-21,partially-compliant,true,other,OpenCity Italia,0,0,Rometta,Messina,ME,Sicilia,19
083077,878e6470-7a90-11ef-a4c8-1f4243570836,2024-09-24T16:17:38.225Z,wcag-21,partially-compliant,true,other," HALLEY INFORMATICA basato su tecnologia LAMP, conforme all&amp;amp;#39;articolo 68 del D.Lgs 82/2005",0,0,San Filippo del Mela,Messina,ME,Sicilia,19
083078,4ddf89a0-7998-11ef-b94c-1de61a95c5f3,2024-09-23T10:38:52.479Z,wcag-21,compliant,false,other,UMBRACO,1,1,San Fratello,Messina,ME,Sicilia,19
083079,9151c860-9ce3-11ef-b362-0df4e4625f09,2024-11-07T08:37:25.506Z,wcag-21,partially-compliant,,wordpress,,1,0,San Marco d'Alunzio,Messina,ME,Sicilia,19
083080,a9749760-7f01-11ef-b700-f526f7cf4902,2024-09-30T07:49:39.636Z,wcag-21,partially-compliant,true,other,"CMS Proprietario , realizzato dall&amp;#39;azienda stessa, nome eGov Halley",2,2,San Pier Niceto,Messina,ME,Sicilia,19
083081,857af230-0ed7-11f0-bf57-b987919df254,2025-04-01T08:58:21.128Z,null,null,null,null,null,null,null,San Piero Patti,Messina,ME,Sicilia,19
083082,5b8bac20-7a4f-11ef-af69-13593a776a60,2024-09-24T08:31:06.564Z,wcag-21,partially-compliant,reason-42004,other,wordpress,1,0,San Salvatore di Fitalia,Messina,ME,Sicilia,19
083083,d0ab886f-1774-4c8d-92d4-1384fa287659,2023-10-04T09:30:13.555Z,wcag-21,partially-compliant,reason-42004,wordpress,,0,0,Santa Domenica Vittoria,Messina,ME,Sicilia,19
083084,ef3086b0-1f34-11ef-9355-43704500b760,2024-05-31T10:02:44.523Z,wcag-21,partially-compliant,false,wordpress,null,10,0,Sant'Agata di Militello,Messina,ME,Sicilia,19
083085,50e6d0f0-d252-11ef-81cf-375c05d1409f,2025-01-14T08:33:35.794Z,wcag-21,compliant,false,wordpress,null,1,1,Sant'Alessio Siculo,Messina,ME,Sicilia,19
083086,19ff02ea-6a4a-4aa4-8548-faeadab59302,2021-10-18T19:44:14.967Z,wcag-21,partially-compliant,,other,proprietario,0,0,Santa Lucia del Mela,Messina,ME,Sicilia,19
083088,5f65d0c0-7999-11ef-82b0-3f195e903d42,2024-09-23T10:44:43.514Z,wcag-21,partially-compliant,true,other,UMBRACO,2,2,Sant'Angelo di Brolo,Messina,ME,Sicilia,19
083089,ce198d90-a1ad-11ef-8596-ed09c0944f60,2024-11-13T10:42:25.360Z,wcag-21,compliant,false,other,Municipium,6,6,Santa Teresa di Riva,Messina,ME,Sicilia,19
083090,e5d639e0-d0a4-11ee-8b84-a158c8a57145,2024-02-21T10:31:25.296Z,wcag-21,partially-compliant,false,wordpress,null,0,0,San Teodoro,Messina,ME,Sicilia,19
083091,a1f42890-6122-11ef-ab7e-cf8c0fc621c0,2024-08-23T07:37:11.665Z,wcag-21,partially-compliant,true,wordpress,null,1,1,Santo Stefano di Camastra,Messina,ME,Sicilia,19
083092,9c2812b0-bba3-11ef-83b9-e59540584046,2024-12-16T11:39:52.824Z,wcag-21,partially-compliant,true,other,Sitemanager 3.0,0,0,Saponara,Messina,ME,Sicilia,19
083093,ab27a160-fb3e-11ef-8ff9-d7d2df90e2bf,2025-03-07T10:26:42.091Z,null,null,null,null,null,null,null,Savoca,Messina,ME,Sicilia,19
083094,c5d12d30-8094-11ef-9dbf-371b72c34c61,2024-10-02T07:45:46.591Z,wcag-21,compliant,false,wordpress,null,2,0,Scaletta Zanclea,Messina,ME,Sicilia,19
083096,4e6ce7e0-0e09-11f0-b6fe-696f0325a3fa,2025-03-31T08:15:26.871Z,wcag-21,compliant,false,wordpress,null,2,1,Spadafora,Messina,ME,Sicilia,19
083099,4a561b10-bc4f-11ef-905d-27d5b80786d6,2024-12-17T08:14:15.921Z,wcag-21,partially-compliant,true,wordpress,null,0,0,Tortorici,Messina,ME,Sicilia,19
083100,19861d20-797c-11ef-8e73-5940f8a88f92,2024-09-23T07:16:56.051Z,wcag-21,partially-compliant,true,other,OpenCity Italia,1,1,Tripi,Messina,ME,Sicilia,19
083102,5d078150-8f85-11ef-9514-fddb8f8f30da,2024-10-21T08:05:06.785Z,wcag-21,compliant,false,other,Municipium,0,0,Ucria,Messina,ME,Sicilia,19
083103,982aff10-ce68-11ef-9791-891a357648fb,2025-01-09T08:54:33.029Z,wcag-21,partially-compliant,true,other,"CMS Proprietario , realizzato dall'azienda stessa, nome eGov Halley",1,1,Valdina,Messina,ME,Sicilia,19
083106,7f9b0ba0-4fe4-11ef-b549-d70b730998a4,2024-08-01T08:50:44.988Z,wcag-21,compliant,false,wordpress,null,2,0,Terme Vigliatore,Messina,ME,Sicilia,19
084001,683e61e0-13c1-11f0-b1bc-fd12b3b3c157,2025-04-07T14:59:14.525Z,null,null,null,null,null,null,null,Agrigento,Agrigento,AG,Sicilia,19
084002,6ee7b0d0-d3f9-11ef-a0c7-9925ec41d816,2025-01-16T10:49:13.818Z,wcag-21,compliant,false,other,Di tipo proprietario Halley informatica,2,0,Alessandria della Rocca,Agrigento,AG,Sicilia,19
084003,0e4c111b-1d94-4240-947c-7fed1dc40fa7,2023-09-25T14:32:00.766Z,wcag-21,partially-compliant,reason-42004,wordpress,,4,0,Aragona,Agrigento,AG,Sicilia,19
084005,f2c58420-cf2e-11ee-948c-75bc3814d148,2024-02-19T13:53:30.682Z,wcag-21,compliant,false,other,Municipium,0,0,Burgio,Agrigento,AG,Sicilia,19
084006,81089b20-ecd8-11ee-8076-91565e60cfa4,2024-03-28T07:48:44.926Z,wcag-21,compliant,false,other,Municipium,0,0,Calamonaci,Agrigento,AG,Sicilia,19
084007,1cd3d757-47f5-43dc-af8a-c347ec0d9b1f,2023-08-09T09:41:34.627Z,wcag-21,compliant,,other,MUNICIPIUM,2,0,Caltabellotta,Agrigento,AG,Sicilia,19
084008,bd7e6160-e3a5-11ef-b2ee-25f1d342012b,2025-02-05T09:43:59.568Z,wcag-21,compliant,false,other,Di tipo proprietario Halley informatica,1,0,Camastra,Agrigento,AG,Sicilia,19
084009,f68daf70-e890-11ef-8f81-bb8be98d8cfa,2025-02-11T15:56:52.596Z,wcag-21,compliant,false,other,Di tipo proprietario Halley informatica,2,2,Cammarata,Agrigento,AG,Sicilia,19
084013,c542e920-d8bc-46b6-8aff-8ab3ee879e24,2020-09-20T15:42:19.186Z,wcag-20,compliant,,other,Proprietario,1,1,Castrofilippo,Agrigento,AG,Sicilia,19
084015,6a41a7c0-862e-11ef-b279-975c350118a3,2024-10-09T11:05:14.304Z,wcag-21,partially-compliant,reason-42004,wordpress,,1,1,Cianciana,Agrigento,AG,Sicilia,19
084016,468d0320-d4cf-11ef-90e7-cd6e74fb876a,2025-01-17T12:22:23.910Z,wcag-21,partially-compliant,true,wordpress,null,0,0,Comitini,Agrigento,AG,Sicilia,19
084017,908dc190-ff3a-11ef-8255-15a9cea29c24,2025-03-12T12:06:25.739Z,wcag-21,partially-compliant,true,wordpress,null,16,0,Favara,Agrigento,AG,Sicilia,19
084019,66fc6a60-904b-11ef-be07-8dcbda14143c,2024-10-22T07:50:11.313Z,wcag-21,compliant,false,other,Di tipo proprietario Halley informatica,0,0,Joppolo Giancaxio,Agrigento,AG,Sicilia,19
084021,3786bc80-50be-11ef-a3cb-314b6319eaa6,2024-08-02T10:54:04.891Z,wcag-21,partially-compliant,false,wordpress,null,1,1,Licata,Agrigento,AG,Sicilia,19
084022,44f4f512-7109-4b60-ae2e-fe5c44ea940a,2023-08-29T07:21:43.868Z,wcag-21,compliant,,other,MUNICIPIUM,0,0,Lucca Sicula,Agrigento,AG,Sicilia,19
084023,a1a2fa30-0648-11f0-a13f-611a32d9f6ef,2025-03-21T11:31:54.254Z,wcag-21,compliant,false,wordpress,null,1,1,Menfi,Agrigento,AG,Sicilia,19
084024,d140ce80-1200-11ef-bfbb-4591b478c365,2024-10-15T10:24:15.281Z,wcag-21,compliant,false,other,Municipium,1,1,Montallegro,Agrigento,AG,Sicilia,19
084025,b16b0560-1f49-11f0-965b-67bc797ef4cd,2025-04-22T07:13:02.572Z,wcag-21,partially-compliant,true,other,"CMS Proprietario , realizzato dall'azienda stessa, nome eGov Halley",1,0,Montevago,Agrigento,AG,Sicilia,19
084026,80df07f0-f525-11ef-b154-6ba53c18032a,2025-02-27T16:19:59.490Z,wcag-21,partially-compliant,true,wordpress,null,1,1,Naro,Agrigento,AG,Sicilia,19
084028,f658a220-c029-11ee-82be-391b031f4281,2024-01-31T11:14:03.352Z,wcag-21,compliant,false,wordpress,null,0,0,Porto Empedocle,Agrigento,AG,Sicilia,19
084031,0b39bc28-dacc-4ae9-b6d4-238faea80ae0,2023-09-21T11:04:06.486Z,wcag-21,compliant,,wordpress,,1,1,Ravanusa,Agrigento,AG,Sicilia,19
084032,d747a950-e9f2-11ef-a037-0369fe881c16,2024-09-24T09:55:33.458Z,wcag-21,compliant,false,other,Municipium,1,0,Realmonte,Agrigento,AG,Sicilia,19
084034,6a6a4840-7b13-11ef-b971-6db9d45b36ff,2024-09-25T07:54:29.272Z,wcag-21,compliant,false,wordpress,null,0,0,Sambuca di Sicilia,Agrigento,AG,Sicilia,19
084036,8f514930-b2f7-11ef-b82b-5de60679f8b8,2024-12-05T10:50:33.233Z,wcag-21,compliant,false,other,Di tipo proprietario Halley informatica,0,0,San Giovanni Gemini,Agrigento,AG,Sicilia,19
084037,26722dc0-0d94-400e-8d3a-de3dfabe7913,2023-09-29T15:26:17.270Z,wcag-21,compliant,,wordpress,,0,0,Santa Elisabetta,Agrigento,AG,Sicilia,19
084038,bf16c120-7406-11ef-ad59-7999c36c5ea8,2024-09-16T08:36:02.706Z,wcag-21,compliant,false,wordpress,null,2,2,Santa Margherita di Belice,Agrigento,AG,Sicilia,19
084040,6b571170-8554-11ef-b1c0-9fa687419dd2,2024-10-08T09:01:34.231Z,wcag-21,compliant,false,other,Di tipo proprietario Halley informatica,2,2,Santo Stefano Quisquina,Agrigento,AG,Sicilia,19
084042,94b19f30-c114-11ef-b3a5-df7507c02810,2024-12-23T09:44:50.306Z,wcag-21,compliant,false,other,Di tipo proprietario Halley informatica,1,1,Siculiana,Agrigento,AG,Sicilia,19
084043,4af4a280-0e34-11f0-ad16-b10dfe317064,2025-03-31T13:24:15.663Z,wcag-21,partially-compliant,true,wordpress,null,0,0,Villafranca Sicula,Agrigento,AG,Sicilia,19
085003,1132ba70-e129-11ee-9ca6-295092010efe,2024-03-13T10:47:20.318Z,wcag-21,partially-compliant,true,other,Magnolia,2,0,Butera,Caltanissetta,CL,Sicilia,19
085004,accabf80-d163-11ee-92a7-e17385d1dabc,2024-02-22T09:03:52.124Z,wcag-21,compliant,false,other,Municipium,0,0,Caltanissetta,Caltanissetta,CL,Sicilia,19
085005,34b65690-e47b-11ef-ac38-15e5a71e6330,2025-02-06T11:09:22.903Z,wcag-21,compliant,false,other,Di tipo proprietario Halley informatica,1,1,Campofranco,Caltanissetta,CL,Sicilia,19
085006,d64433b0-fb0b-11ee-ba8e-7dc9558aff3b,2024-04-15T09:32:10.103Z,wcag-21,compliant,false,wordpress,null,1,1,Delia,Caltanissetta,CL,Sicilia,19
085007,5959afb0-0893-11f0-b49e-8b2b5a506afa,2025-03-24T09:33:35.769Z,wcag-21,partially-compliant,true,wordpress,null,23,23,Gela,Caltanissetta,CL,Sicilia,19
085008,0a88c4f0-e82a-11ee-a68c-53263849f09a,2024-03-22T08:55:24.477Z,wcag-21,partially-compliant,false,wordpress,null,0,0,Marianopoli,Caltanissetta,CL,Sicilia,19
085010,71441760-8f9d-11ef-9d9e-dd4dec953018,2024-10-21T11:12:51.224Z,wcag-21,partially-compliant,,wordpress,,0,0,Milena,Caltanissetta,CL,Sicilia,19
085016,df46e050-a0df-11ef-9d8e-3594c6f9a9e0,2024-11-12T10:15:40.764Z,wcag-21,partially-compliant,false,wordpress,null,1,0,San Cataldo,Caltanissetta,CL,Sicilia,19
085019,491ffca0-9db1-11ef-9143-e18092bad461,2024-11-08T09:08:38.189Z,wcag-21,partially-compliant,true,wordpress,null,0,0,Sommatino,Caltanissetta,CL,Sicilia,19
085020,dfb582a0-8fb2-11ef-9ed3-75fcfe6687bb,2024-10-21T13:46:22.361Z,wcag-21,partially-compliant,false,wordpress,null,0,0,Sutera,Caltanissetta,CL,Sicilia,19
085021,d2d7c470-385b-11ef-9823-1912d796580b,2024-07-02T10:10:40.264Z,wcag-21,partially-compliant,false,wordpress,null,1,1,Vallelunga Pratameno,Caltanissetta,CL,Sicilia,19
085022,275cd200-20fb-11f0-a404-3f45721a3750,2025-04-24T10:52:17.969Z,wcag-21,partially-compliant,true,wordpress,null,1,0,Villalba,Caltanissetta,CL,Sicilia,19
086001,56082990-743c-11ef-a12c-23e1256ed097,2024-09-16T14:58:54.193Z,wcag-21,compliant,false,other,MUNICIPIUM,1,1,Agira,Enna,EN,Sicilia,19
086002,0b5c21c0-79ba-11ef-bf72-21a38750c13e,2025-03-31T16:17:34.456Z,wcag-21,partially-compliant,true,none,null,0,0,Aidone,Enna,EN,Sicilia,19
086003,dea92510-7c11-11ef-b6e6-0163f50dd3b8,2025-03-28T18:20:38.544Z,wcag-21,partially-compliant,true,other,COMWEB2.0,0,0,Assoro,Enna,EN,Sicilia,19
086004,a13842a0-ad81-11ef-9020-4fee04a75b6b,2024-11-28T11:53:15.432Z,wcag-21,partially-compliant,true,other,Magnolia,1,0,Barrafranca,Enna,EN,Sicilia,19
086005,5dab2670-773e-11ef-a4dd-23a70a181b22,2024-09-20T10:48:36.632Z,wcag-21,partially-compliant,true,other,ComWeb 2.0,0,0,Calascibetta,Enna,EN,Sicilia,19
086006,691e81f0-7c11-11ef-a68f-dbc36b905a5c,2025-03-28T18:21:20.344Z,wcag-21,partially-compliant,true,other,COMWEB2.0,0,0,Catenanuova,Enna,EN,Sicilia,19
086007,12fd1c70-8196-11ef-91ae-e93b0b573aa7,2024-10-03T14:39:20.530Z,wcag-21,compliant,false,drupal,null,2,2,Centuripe,Enna,EN,Sicilia,19
086008,ade5bd20-f328-11ee-8ca1-7774ab777874,2024-04-05T08:35:55.040Z,wcag-21,partially-compliant,true,wordpress,null,0,0,Cerami,Enna,EN,Sicilia,19
086009,429dc440-04b6-11f0-b2b0-9f6057f8ceb4,2025-03-19T11:35:26.862Z,null,null,null,null,null,null,null,Enna,Enna,EN,Sicilia,19
086010,6dd1d3d0-7bf0-11ef-8fe4-ed428adcda5b,2024-09-26T10:16:03.643Z,wcag-21,partially-compliant,true,other,Altro,0,0,Gagliano Castelferrato,Enna,EN,Sicilia,19
086011,78154870-95d8-11ef-ad01-e5eb3c258192,2024-10-29T09:20:04.730Z,wcag-21,partially-compliant,true,other,OpenCity Italia,3,1,Leonforte,Enna,EN,Sicilia,19
086012,3ec9b430-79c1-11ef-b804-fb77f4239dfc,2024-09-23T15:33:11.131Z,wcag-21,partially-compliant,true,wordpress,null,2,0,Nicosia,Enna,EN,Sicilia,19
086013,dd280060-e469-11ef-8ce3-cf57ce3f69bc,2025-03-28T18:15:48.945Z,wcag-21,partially-compliant,true,other,ComWeb 2.0,45,0,Nissoria,Enna,EN,Sicilia,19
086014,2151ba30-864e-11ef-89b0-298752c36f54,2024-10-09T14:41:43.571Z,wcag-21,partially-compliant,true,other,"CMS Proprietario , realizzato dall&amp;#39;azienda stessa, nome eGov Halley",2,2,Piazza Armerina,Enna,EN,Sicilia,19
086015,1fa8933a-8b3b-43ed-b664-442fee29932d,2023-09-18T13:52:35.028Z,wcag-21,compliant,,wordpress,,3,3,Pietraperzia,Enna,EN,Sicilia,19
086016,d929bdf0-0e1c-11f0-b3ea-1b8082a8c26d,2025-03-31T10:33:25.271Z,wcag-21,compliant,false,other,Il CMS utilizzato per il sito web DomosWeb.PA è sviluppato appositamente da MEM Informatica.,0,0,Regalbuto,Enna,EN,Sicilia,19
086017,186f8410-e860-11ee-b9b1-65ddf3a2d3c5,2024-03-22T15:20:51.797Z,null,null,null,null,null,null,null,Sperlinga,Enna,EN,Sicilia,19
086018,d9ab39b0-f28a-11ee-a85c-1f35598737a0,2024-04-04T13:46:28.483Z,wcag-21,compliant,false,other,municipium,1,1,Troina,Enna,EN,Sicilia,19
086020,dbd77dd0-1594-4ece-990a-a0b76b377c8b,2023-10-10T09:46:51.911Z,wcag-21,partially-compliant,reason-42004,,,0,0,Villarosa,Enna,EN,Sicilia,19
087001,8f74d880-edbf-11ee-9644-13329f50991e,2024-03-29T11:15:00.382Z,null,null,null,null,null,null,null,Aci Bonaccorsi,Catania,CT,Sicilia,19
087003,b350f8e0-f356-11ef-8dd5-c309200c2e42,2025-02-25T08:36:54.621Z,wcag-21,partially-compliant,false,wordpress,null,3,1,Aci Catena,Catania,CT,Sicilia,19
087004,9258f760-bd1d-11ef-866e-a9bb2714a38d,2024-12-18T08:49:01.335Z,wcag-21,compliant,false,other,Municipium,10,10,Acireale,Catania,CT,Sicilia,19
087006,33479f20-7ca3-11ef-9cab-035c75f9d491,2024-09-27T07:36:20.866Z,wcag-21,partially-compliant,reason-42004,wordpress,,9,3,Adrano,Catania,CT,Sicilia,19
087007,f48fd7d0-ce5e-11ef-a055-d18dc1616607,2025-01-09T07:55:52.088Z,wcag-21,compliant,false,other,Municipium,1,1,Belpasso,Catania,CT,Sicilia,19
087008,bb227eb0-2fb9-11ef-aae6-b93b24257894,2024-06-21T10:33:26.997Z,wcag-21,compliant,false,other,MUNICIPIUM,1,1,Biancavilla,Catania,CT,Sicilia,19
087009,984152c0-ff27-11ef-adcd-0755f491fdb5,2025-03-12T09:29:00.141Z,wcag-21,partially-compliant,true,wordpress,null,2,2,Bronte,Catania,CT,Sicilia,19
087011,6d360d90-74e0-11ef-8f3f-4bab55fb1db4,2024-09-17T10:31:25.905Z,wcag-21,compliant,false,other,Il CMS utilizzato per il sito web DomosWeb.PA è sviluppato appositamente da MEM Informatica.,11,0,Caltagirone,Catania,CT,Sicilia,19
087012,8e69ada0-0bb2-11f0-ae5e-03932e8acabe,2025-03-28T08:53:21.389Z,wcag-21,partially-compliant,true,wordpress,null,0,0,Camporotondo Etneo,Catania,CT,Sicilia,19
087013,4ef2b440-ec33-11ee-b018-2fa68f1152d9,2024-03-27T12:07:06.378Z,wcag-21,compliant,false,other,MUNICIPIUM,1,0,Castel di Iudica,Catania,CT,Sicilia,19
087015,e7e991a0-79aa-11ef-9314-1b0b717ea709,2024-09-23T12:47:27.456Z,wcag-21,partially-compliant,true,other,Sitemanager 3.0,14,14,Catania,Catania,CT,Sicilia,19
087016,42fc0490-7692-11ef-9884-91a81f35a46b,2024-09-19T14:10:07.818Z,wcag-21,partially-compliant,true,other,"CMS Proprietario , realizzato dall&amp;#39;azienda stessa, nome eGov Halley",0,0,Fiumefreddo di Sicilia,Catania,CT,Sicilia,19
087017,fa8368c0-beb8-11ee-9710-11c1ac7f90d0,2024-01-29T15:11:17.644Z,wcag-21,compliant,false,wordpress,null,0,0,Giarre,Catania,CT,Sicilia,19
087018,c474a110-f36c-11ef-9db2-2f28b77edab3,2025-02-25T11:28:42.448Z,wcag-21,partially-compliant,true,other,"CMS Proprietario , realizzato dall'azienda stessa, nome eGov Halley",1,1,Grammichele,Catania,CT,Sicilia,19
087019,0bd8ea10-66ba-11ef-909a-172c346e2883,2024-08-30T10:24:14.899Z,wcag-21,partially-compliant,false,other,MUNICIPIUM,7,2,Gravina di Catania,Catania,CT,Sicilia,19
087020,013b4b70-0e49-11f0-b977-85e9fe9a602b,2025-03-31T15:58:03.140Z,null,null,null,null,null,null,null,Licodia Eubea,Catania,CT,Sicilia,19
087021,e5cfcba0-ffec-11ef-b4a2-450bae1dc3bf,2025-03-13T09:23:47.689Z,wcag-21,partially-compliant,true,wordpress,null,2,2,Linguaglossa,Catania,CT,Sicilia,19
087022,a0789600-bdf1-11ef-a06e-2773936b371a,2024-12-19T10:08:13.399Z,wcag-21,partially-compliant,true,other,"CMS Proprietario , realizzato dall'azienda stessa, nome eGov Halley",0,0,Maletto,Catania,CT,Sicilia,19
087023,9e7ce3c0-bf5e-11ee-bc27-87be3c5d4cdd,2024-01-30T10:57:44.725Z,wcag-21,compliant,false,wordpress,null,0,0,Mascali,Catania,CT,Sicilia,19
087026,6c94a430-8649-11ef-b799-07805a3d40c7,2024-10-09T14:14:43.552Z,wcag-21,partially-compliant,true,other,"CMS Proprietario , realizzato dall&amp;#39;azienda stessa, nome eGov Halley",0,0,Milo,Catania,CT,Sicilia,19
087027,4a1caa80-7be3-11ef-9f3a-cf8694bdd0f2,2024-09-26T08:42:32.599Z,wcag-21,partially-compliant,true,other,piattaforma Open Source eZ Publish,2,0,Mineo,Catania,CT,Sicilia,19
087029,c7d72fc0-860d-11ef-b411-47a345df89f5,2024-10-09T07:11:54.843Z,wcag-21,partially-compliant,true,other,Sitemanager 3.0,14,1,Misterbianco,Catania,CT,Sicilia,19
087030,ed010603-a059-41ad-bb04-de19d8a77e29,2023-03-30T07:08:44.365Z,null,null,null,null,null,null,null,Motta Sant'Anastasia,Catania,CT,Sicilia,19
087031,ca6a6a20-15de-11f0-89ab-8920164b7f44,2025-04-10T07:33:18.409Z,null,null,null,null,null,null,null,Nicolosi,Catania,CT,Sicilia,19
087032,052a0f90-0a1c-11f0-8fa5-75ed6efe94d8,2025-03-26T08:19:52.950Z,wcag-21,partially-compliant,true,other,Magnolia,0,0,Palagonia,Catania,CT,Sicilia,19
087033,22b4bea0-0fa0-11f0-b381-4596267a51f6,2025-04-02T08:40:31.017Z,wcag-21,compliant,false,other,municipium,6,5,Paternò,Catania,CT,Sicilia,19
087034,9d6e68d0-79cd-11ef-897b-dbb76ffcab73,2024-09-23T16:59:09.441Z,wcag-21,compliant,false,other,MUNICIPIUM,2,0,Pedara,Catania,CT,Sicilia,19
087035,ad5817f0-7752-11ef-a621-4965d22f90f5,2024-09-20T13:01:28.558Z,wcag-21,partially-compliant,true,other,Il CMS utilizzato per il sito web DomosWeb.PA è sviluppato appositamente da MEM Informatica.,4,0,Piedimonte Etneo,Catania,CT,Sicilia,19
087037,41b00d10-eeb6-11ef-9def-a36facaf05a9,2025-02-19T11:39:48.585Z,wcag-21,partially-compliant,false,wordpress,null,5,1,Ramacca,Catania,CT,Sicilia,19
087038,16c9e910-0020-11f0-afd3-35d60f7e1e02,2025-03-13T15:19:49.223Z,wcag-21,compliant,false,other,halley informatica,0,0,Randazzo,Catania,CT,Sicilia,19
087040,26118a70-7990-11ef-b864-1badec5a719d,2024-09-23T09:38:53.933Z,wcag-21,partially-compliant,true,none,null,0,0,San Cono,Catania,CT,Sicilia,19
087041,b7fe1760-c675-11ee-bbe4-3f45423a0867,2024-02-08T11:31:55.639Z,wcag-21,partially-compliant,,wordpress,,1,1,San Giovanni la Punta,Catania,CT,Sicilia,19
087042,9c542430-8301-11ee-b248-11c02feae02e,2023-11-14T15:18:27.231Z,wcag-21,compliant,false,other,Municipium,0,0,San Gregorio di Catania,Catania,CT,Sicilia,19
087043,1c16bb00-8d17-11ee-bc16-1b27babe9b05,2024-09-17T07:39:16.651Z,wcag-21,compliant,false,wordpress,null,0,0,San Michele di Ganzaria,Catania,CT,Sicilia,19
087045,06e30209-a35a-44ce-8afb-8d8ec7589142,2022-04-15T11:34:21.648Z,null,null,null,null,null,null,null,Sant'Agata li Battiati,Catania,CT,Sicilia,19
087046,d415ad90-7cb5-11ef-b8d8-c757f2d9eeeb,2025-01-16T08:30:27.042Z,wcag-21,partially-compliant,true,other,"CMS Proprietario , realizzato dall azienda stessa, nome eGov Halley",1,1,Sant'Alfio,Catania,CT,Sicilia,19
087047,fe3382f3-e64f-4ba7-b1e5-8693da4c93a7,2024-09-17T11:05:01.494Z,wcag-21,compliant,,other,MUNICIPIUM,0,0,Santa Maria di Licodia,Catania,CT,Sicilia,19
087048,c21293f0-0ef1-11f0-9715-e16af4f00782,2025-04-01T11:58:29.890Z,wcag-21,partially-compliant,true,wordpress,null,0,0,Santa Venerina,Catania,CT,Sicilia,19
087049,fa880670-2026-11f0-954f-2184837fdad7,2025-04-23T09:32:58.515Z,wcag-21,partially-compliant,true,wordpress,null,0,0,Scordia,Catania,CT,Sicilia,19
087050,d877c690-53e1-11ef-abf9-718fd9b95837,2024-08-06T10:46:03.535Z,wcag-21,compliant,false,wordpress,null,2,2,Trecastagni,Catania,CT,Sicilia,19
087051,975dfab0-1da6-11ef-b410-af27417052ab,2024-05-29T10:24:32.434Z,wcag-21,partially-compliant,false,wordpress,null,1,0,Tremestieri Etneo,Catania,CT,Sicilia,19
087053,7650a9b0-0d4f-11ef-bf1b-0b3291b8878e,2024-05-08T15:22:27.034Z,wcag-21,partially-compliant,false,wordpress,null,2,0,Viagrande,Catania,CT,Sicilia,19
087055,ab52a770-b3b4-11ee-a91f-494cc48b00d5,2024-01-15T14:30:47.834Z,wcag-21,compliant,false,other,Municipium,1,1,Zafferana Etnea,Catania,CT,Sicilia,19
087056,d8942ca0-92b5-11ef-b736-b5143e13fef4,2024-10-25T09:36:52.122Z,wcag-21,compliant,false,wordpress,null,0,0,Mazzarrone,Catania,CT,Sicilia,19
087057,63a5f631-592e-43db-a3fa-5ebf27129c93,2023-08-03T11:10:04.234Z,wcag-21,compliant,,other,MUNICIPIUM,1,1,Maniace,Catania,CT,Sicilia,19
088001,5ca44d62-e49a-48cd-acaf-bba0405b43b7,2022-11-10T15:38:55.335Z,wcag-20,compliant,,joomla,,1,1,Acate,Ragusa,RG,Sicilia,19
088002,8d3b74e0-ed08-11ef-bd8d-77fbd3c974c5,2025-02-17T08:24:01.734Z,wcag-21,partially-compliant,true,other,Magnolia,3,0,Chiaramonte Gulfi,Ragusa,RG,Sicilia,19
088003,9cceed30-106a-11f0-9fc4-47139f19661b,2025-04-03T09:02:12.917Z,null,null,null,null,null,null,null,Comiso,Ragusa,RG,Sicilia,19
088009,dadda760-ae54-11ef-a2e6-4fd4ca3c1ae2,2024-11-29T13:16:37.487Z,wcag-21,compliant,false,other,MUNICIPIUM,10,10,Ragusa,Ragusa,RG,Sicilia,19
088010,8abdc160-772d-11ef-93ab-c543e4780b63,2024-09-20T08:45:52.439Z,wcag-21,partially-compliant,false,wordpress,null,0,0,Santa Croce Camerina,Ragusa,RG,Sicilia,19
089001,d8902c20-a036-11ef-b613-75186ef81d4f,2024-11-11T14:11:23.360Z,wcag-21,partially-compliant,true,wordpress,null,8,7,Augusta,Siracusa,SR,Sicilia,19
089002,994f7dd0-0ed2-11f0-baf7-db07e691446d,2025-04-01T08:12:31.297Z,wcag-21,partially-compliant,true,other,"CMS Proprietario , realizzato dall'azienda stessa, nome eGov Halley",28,0,Avola,Siracusa,SR,Sicilia,19
089003,29e367e0-c9a5-11ee-81c5-df3b5ef1ef86,2024-02-12T12:41:41.253Z,wcag-21,compliant,false,wordpress,null,0,0,Buccheri,Siracusa,SR,Sicilia,19
089004,770dddb2-2e08-4a36-9597-c2cecef72bd5,2021-01-15T15:37:27.723Z,wcag-20,compliant,,wordpress,,0,0,Buscemi,Siracusa,SR,Sicilia,19
089006,251965a0-fb33-11ef-a73e-e5510f4f141c,2025-03-07T08:38:13.739Z,wcag-21,partially-compliant,true,wordpress,null,1,1,Carlentini,Siracusa,SR,Sicilia,19
089007,be60e3d8-450b-4ead-ba7d-f6c98666ff52,2023-09-28T08:21:25.622Z,null,null,null,null,null,null,null,Cassaro,Siracusa,SR,Sicilia,19
089008,beb08550-7a95-11ef-95ba-a59c7efce313,2024-09-24T16:54:56.710Z,wcag-21,compliant,false,wordpress,,1,0,Ferla,Siracusa,SR,Sicilia,19
089010,c299ac76-6d08-4c34-9957-00519dde4ea9,2023-09-14T17:29:48.543Z,wcag-21,partially-compliant,reason-42004,other,Gatsby 2.13.33,6,0,Francofonte,Siracusa,SR,Sicilia,19
089011,63f9f4d0-6c25-11ef-a3b5-d926043e7c7d,2024-09-06T07:41:19.132Z,wcag-21,compliant,false,other,CMS Evolution,7,0,Lentini,Siracusa,SR,Sicilia,19
089013,324d4ce0-00b6-11f0-9492-515dfdb74a7c,2025-03-14T09:16:58.278Z,wcag-21,compliant,false,other,Municipium,5,5,Noto,Siracusa,SR,Sicilia,19
089014,2ab25a30-0b9c-11ef-8342-8f3dab49365f,2024-05-06T11:30:22.089Z,wcag-21,partially-compliant,true,other,Magnolia,2,2,Pachino,Siracusa,SR,Sicilia,19
089015,23012400-8b95-11ef-8a54-2d33ef7d9d6d,2024-10-16T07:56:33.877Z,wcag-21,partially-compliant,true,other,Magnolia,1,0,Palazzolo Acreide,Siracusa,SR,Sicilia,19
089017,06dada90-e79a-11ee-94a8-a7b672f94627,2024-03-21T15:45:18.018Z,null,null,null,null,null,null,null,Siracusa,Siracusa,SR,Sicilia,19
089018,f08cace0-75bb-11ef-bf95-55ae99256d83,2024-09-18T12:42:09.448Z,wcag-21,partially-compliant,true,wordpress,null,0,0,Solarino,Siracusa,SR,Sicilia,19
089020,a9d00110-aca4-11ef-8825-8dfe0aaf6397,2024-11-27T09:34:23.991Z,wcag-21,partially-compliant,true,other,Opencity Italia,1,1,Portopalo di Capo Passero,Siracusa,SR,Sicilia,19
089021,155f5ec0-1146-11f0-8892-d7f052319ef9,2025-04-04T11:07:49.991Z,wcag-21,partially-compliant,true,wordpress,null,4,0,Priolo Gargallo,Siracusa,SR,Sicilia,19
083052,7960a4a0-3466-11ef-b313-b7a47c4c02a2,2024-06-27T09:14:56.522Z,wcag-21,compliant,false,wordpress,null,0,0,Mistretta,Messina,ME,Sicilia,19
083028,31004bd0-e78e-11ef-b58b-ebd519a4203c,2025-02-10T09:00:56.012Z,wcag-21,compliant,false,wordpress,null,0,0,Furnari,Messina,ME,Sicilia,19
082002,89eb6b80-ec2b-11ee-8852-8ba4f8ea7611,2024-03-27T11:08:50.300Z,null,null,null,null,null,null,null,Alimena,Palermo,PA,Sicilia,19
082068,3ddf1570-f590-11ee-ac0b-3d472cc82bbf,2024-04-08T09:57:16.810Z,wcag-21,compliant,false,other,ActaGOV,0,0,Sciara,Palermo,PA,Sicilia,19
083104,70b2c930-dc7a-11ee-bbe9-8de8b82bca38,2024-03-07T11:59:41.978Z,wcag-21,compliant,false,other,Nuvola,0,0,Venetico,Messina,ME,Sicilia,19
089012,42849a60-174a-11ef-b899-058fbeec02c0,2024-05-21T08:03:21.233Z,wcag-21,partially-compliant,true,other,KEND,0,0,Melilli,Siracusa,SR,Sicilia,19
083037,1aff53a0-f362-11ef-b991-e1f65b643c1c,2025-02-25T10:13:18.026Z,wcag-21,compliant,false,wordpress,null,0,0,Leni,Messina,ME,Sicilia,19
